{"cameraMode":{"drawMode":0,"name":"Shaded","section":"Shading Mode"},"sceneLighting":true,"audioPlay":false,"sceneViewState":{"showFog":false,"showMaterialUpdate":false,"showSkybox":false,"showFlares":false,"showImageEffects":false,"showParticleSystems":false},"in2DMode":false,"pivot":{"x":-78.2868423461914,"y":6.451793193817139,"z":4.487024784088135},"rotation":{"x":0.0020989510230720045,"y":0.7144891619682312,"z":0.002143474528566003,"w":-0.699640154838562},"size":95.21297454833985,"orthographic":false}